Come può un docente scoprire in tempo reale se la classe ha capito una regola appena spiegata?;Lancia una domanda rapida a scelta multipla e vede sullo schermo quanti rispondono correttamente
Che cosa fa il docente se la maggioranza sbaglia la domanda rapida?;Riprende il concetto prima di andare avanti invece di scoprirlo alla verifica della settimana successiva
Con quale metafora si descrive la valutazione formativa?;Misurare la temperatura di un arrosto ancora nel forno: serve a capire se va tolto ora o se serve altro tempo
Come nacque Mentimeter?;Nel 2012 quattro giovani svedesi lo avviarono come progetto secondario per trasformare presentazioni a senso unico in una conversazione
Chi furono i fondatori di Mentimeter?;Johnny Warström / Niklas Ingvar / Henrik Fräsén e Kristoffer Renholm
Come funziona Mentimeter?;Chiunque nella stanza risponde in tempo reale dallo smartphone e i risultati appaiono subito su schermo sotto forma di grafici
Quando Mentimeter divenne un'attività a tempo pieno?;Nel 2014 con il primo finanziamento esterno e sede a Stoccolma
Quali istituzioni furono tra i primi utilizzatori di Mentimeter?;L'Imperial College di Londra e l'Università di Princeton
Quanti utenti complessivi aveva Mentimeter entro il 2021?;Oltre 270 milioni
Come può un docente scoprire una lacuna comune leggendo più quiz?;Guardando insieme i risultati degli ultimi quiz: se più della metà sbaglia sempre lo stesso tipo di domanda emerge un pattern che una singola verifica non mostra
Con quale metafora si descrivono i dati di apprendimento nel loro insieme?;Il tracciato di un intero viaggio su una mappa invece di un solo punto GPS: racconta da dove si è passati e dove correggere la rotta
Quando e dove si tenne la prima conferenza LAK?;Tra il 27 febbraio e il 1° marzo 2011 a Banff in Canada
Che cosa significa LAK?;Learning Analytics and Knowledge: il nome della conferenza internazionale sul tema
Chi organizzò la prima conferenza LAK?;Phillip Long e George Siemens insieme a Gráinne Conole e Dragan Gašević
Qual era l'obiettivo della prima conferenza LAK?;Riunire in un unico forum studiosi che lavoravano separatamente sui dati degli studenti che crescevano più in fretta della capacità delle scuole di dargli un senso
Quale definizione di learning analytics fu proposta alla conferenza?;Misurazione / raccolta / analisi e resoconto di dati sugli studenti e sui loro contesti per comprendere e ottimizzare l'apprendimento e gli ambienti in cui avviene
Che cosa mostrò la conferenza LAK del 2012 a Vancouver?;52 relazioni e 140 autori: la nascita di una comunità di ricerca stabile
Che cos'è oggi l'analisi dei dati di apprendimento?;Un intero campo di studio con centinaia di articoli pubblicati ogni anno
Che effetto ha un riscontro con indicazioni mirate accanto al voto?;Lo studente sa cosa migliorare (ad esempio rafforzare i connettivi tra i paragrafi) e alla consegna successiva quell'aspetto migliora
Che cosa fa uno studente che riceve solo un numero come voto?;Lo guarda per un istante e passa oltre senza sapere cosa fare di diverso la prossima volta
Con quale metafora si descrive un buon riscontro?;Una bussola consegnata a metà del cammino: indica in che direzione correggere il passo mentre c'è ancora strada
Che cos'è Visible Learning?;Un'opera di John Hattie del 2008 che sintetizza oltre 800 meta-analisi sui fattori che influenzano l'apprendimento scolastico
Su quanti studi e studenti si basa Visible Learning?;Più di 50.000 studi su circa 80 milioni di studenti
Che cos'è l'effect size?;Un indicatore statistico con cui Hattie misura l'impatto di ciascun fattore
Qual è la soglia di efficacia dell'effect size secondo Hattie?;0.4
Quale effect size ha il feedback secondo Hattie?;0.73: quasi il doppio della soglia minima
Che cosa supera il feedback in impatto secondo Visible Learning?;Elementi spesso considerati decisivi come le dimensioni della classe
Come definì Visible Learning il Times Educational Supplement?;Il Santo Graal dell'insegnamento
Quale precisazione ha aggiunto Hattie sul feedback?;Conta il feedback effettivamente ricevuto e compreso dallo studente e non quello semplicemente dato
