Cosa significa l'acronimo inglese ICT?,Information and Communication Technologies.
Qual è la traduzione italiana del termine ICT?,Tecnologie dell'Informazione e della Comunicazione.
Quale elemento dell'ICT si riferisce ai dati come foto, messaggi e video?,Information (Informazione).
In ambito ICT, come viene definito lo scambio di dati tramite email o social network?,Communication (Comunicazione).
Quale componente dell'ICT riguarda gli strumenti fisici, le reti e il software?,Technology (Tecnologia).
"Quali sono i quattro pilastri fondamentali su cui si regge l'ICT?,""Dispositivi, software, reti e dati."""
Nell'ICT, cosa rappresentano i 'dispositivi'?,Gli strumenti fisici.
Nell'ICT, cosa rappresenta il 'software'?,Le istruzioni che fanno funzionare i dispositivi.
Nell'ICT, cosa rappresentano le 'reti'?,Le connessioni che collegano i diversi elementi.
Nell'ICT, cosa rappresentano i 'dati'?,I contenuti che vengono creati e scambiati.
"Oltre alla comodità, quali sono i rischi concreti portati dall'ICT?,""Dipendenza digitale, perdita di privacy, fake news e cyber attacchi."""
In un supermercato, quale tecnologia riconosce il codice a barre sulla confezione?,Il lettore ottico.
Quale componente dell'ICT trasmette il prezzo del prodotto dalla cassa al sistema centrale?,La rete (Communication).
Quale fu il primo prodotto della storia a essere scansionato con un codice a barre universale (UPC)?,Un pacchetto di gomme da masticare Wrigley's Juicy Fruit.
In che data e anno avvenne la prima scansione storica di un codice a barre?,26 giugno 1974.
Chi effettuò la prima scansione di un codice a barre nel 1974?,Clyde Dawson.
Perché inizialmente i clienti erano scettici riguardo all'introduzione del codice a barre?,Temevano che servisse a nascondere o alterare i prezzi.
Nella metafora stradale dell'ICT, cosa rappresentano i veicoli?,I dispositivi.
Nella metafora stradale dell'ICT, cosa rappresentano le strade?,Le reti.
Nella metafora stradale dell'ICT, cosa rappresenta la merce trasportata?,I dati.
Nella metafora stradale dell'ICT, a cosa corrisponde il codice della strada?,Al software.
Che cos'è l'hardware?,Tutto ciò che è fisico e tangibile in un computer.
Che cos'è il software?,L'insieme dei programmi e delle istruzioni che fanno funzionare il computer.
Perché hardware e software sono considerati pilastri complementari?,Perché l'uno non può funzionare o esistere senza l'altro.
Se lo schermo di uno smartphone si rompe dopo una caduta, di che tipo di guasto si tratta?,Guasto hardware.
Se un'app si blocca continuamente su uno schermo integro, di che tipo di problema si tratta?,Problema software.
Quale grave incidente informatico coinvolse un macchinario per radioterapia tra il 1985 e il 1987?,Il caso del Therac-25.
Quale fu la causa principale dei malfunzionamenti del Therac-25?,Un errore nel software di controllo.
Nella metafora del guidatore, cosa rappresenta un'automobile perfetta ma ferma?,L'hardware senza software.
Nella metafora del guidatore, cosa rappresenta un guidatore esperto senza auto?,Il software senza hardware.
"Qual è la definizione funzionale di un computer?,""Un dispositivo elettronico capace di ricevere, elaborare, conservare e restituire informazioni."""
"Quali sono le quattro principali tipologie di computer citate nel testo?,""Desktop, Laptop, Tablet e Smartphone."""
Quale tipologia di computer è fissa, potente ed espandibile?,Il Desktop.
"Qual è la caratteristica principale di un Laptop?,""È portatile, con tutti i componenti integrati in un unico corpo."""
Quale dispositivo privilegia la mobilità immediata ed è dotato di touchscreen?,Il Tablet.
Rispetto a un laptop, qual è il vantaggio principale di un computer desktop?,Offre più potenza e spazio di archiviazione a un prezzo spesso inferiore.
Quale fu il primo computer portatile di successo commerciale, lanciato nel 1981?,L'Osborne 1.
Perché l'Osborne 1 veniva soprannominato 'luggable' (trascinabile)?,Perché pesava circa $11$ chilogrammi.
Nella metafora dei viaggi, quale tipo di computer è paragonato a una casa?,Il Desktop.
Nella metafora dei viaggi, a cosa è paragonato lo smartphone?,Al portafoglio.
Cosa si intende per periferiche di input?,Dispositivi che permettono di inserire dati e comandi nel computer.
"Elenca tre esempi comuni di periferiche di input.,""Tastiera, mouse e microfono."""
Qual è lo standard numerico che traduce i caratteri della tastiera in codici leggibili dal computer?,ASCII (American Standard Code for Information Interchange).
Nello standard ASCII, a quale numero corrisponde la lettera 'C'?,Al numero $67$.
Nello standard ASCII, a quale numero corrisponde la lettera 'A'?,Al numero $65$.
"Che cos'è un 'bit'?,""La singola cifra binaria ($0$ o $1$), l'unità minima di informazione."""
Quanti bit servono per formare un gruppo capace di rappresentare una lettera?,Otto bit.
Come viene chiamata la storica dimostrazione di Douglas Engelbart del 1968?,The Mother of All Demos.
Quale dispositivo di input fu presentato per la prima volta durante 'The Mother of All Demos'?,Il mouse.
Perché il 'mouse' ricevette questo nome dal suo inventore?,Perché il cavo in uscita ricordava la coda di un topo.
In quale anno il mouse divenne un prodotto di massa grazie all'Apple Macintosh?,Nel 1984.
Cosa si intende per periferiche di output?,Dispositivi attraverso cui il computer restituisce informazioni all'utente dopo l'elaborazione.
"Elenca tre esempi principali di periferiche di output.,""Schermo, casse audio e stampante."""
Quale dispositivo funge contemporaneamente da periferica di input e di output?,Il touchscreen.
Chi inventò la prima stampante laser funzionante?,Gary Starkweather.
Qual era il nome del primo prototipo di stampante laser del 1971?,SLOT (Scanning Laser Output Terminal).
Quale azienda mise in commercio la prima stampante laser (modello 9700) nel 1977?,Xerox.
Nella metafora dell'ufficio postale, cosa rappresenta la ricevuta restituita dall'impiegato?,L'output.
"Termine: Bit. Definizione?,""Binary digit, ovvero una cifra binaria che può valere $0$ o $1$."""
Qual è il pilastro dell'ICT che include le connessioni tra i diversi strumenti?,Le reti.
"Il termine 'Information' nell'ICT si riferisce a _____.,""Dati come foto, messaggi, video o numeri."""
I sensori a infrarossi che rilevano i prodotti sul nastro trasportatore sono esempi di tecnologia di _____.,Input.
L'insieme delle regole che permette ai dati di muoversi ordinatamente nelle reti è il _____.,Software.
Un computer che non ha alcun software installato è paragonabile a _____.,Un'auto perfetta ma senza guidatore.
Il sistema Therac-25 dimostrò che un hardware perfetto può essere pericoloso se il _____ è errato.,Software.
Quale categoria di computer è ideale per un uso rapido e mobile, meno potente di un laptop?,Tablet.
L'Osborne 1 includeva già programmi di _____.,Videoscrittura e calcolo.
Nella metafora abitativa, il computer portatile (laptop) è paragonato a una _____.,Valigia rigida.
Quale periferica trasforma un documento digitale in inchiostro su carta?,La stampante (output).
Il codice ASCII per la lettera 'O' è il numero _____.,79.
Il codice ASCII per la lettera 'I' è il numero _____.,73.
Douglas Engelbart lavorava presso quale istituto di ricerca?,Stanford Research Institute.
Prima del mouse, i computer venivano usati principalmente tramite _____.,Schede perforate.
La metafora dell'interruttore della luce (acceso/spento) serve a spiegare il concetto di _____.,Bit.
Qual è l'output prodotto da uno smartphone quando riceve un nuovo ordine online?,Un suono emesso dalle casse audio.
Gary Starkweather sviluppò la tecnologia laser nonostante l'opposizione dei suoi superiori alla _____.,Xerox.
Quante scansioni di codici a barre si stima vengano effettuate ogni giorno nel mondo?,Miliardi.
Un componente interno come un circuito elettronico appartiene alla categoria _____.,Hardware.
Il sistema operativo di un computer è un esempio di _____.,Software.
"Cosa succede tecnicamente quando premiamo il tasto 'C' sulla tastiera?,Il segnale viene tradotto nel numero ""67"" e poi nella sequenza binaria ""01000011""."
