Qual è la definizione di software?,L'insieme dei programmi che dicono al computer cosa fare in ogni istante.
"Nella metafora della guida, se l'hardware è la macchina, cosa rappresenta il software?",Il guidatore della macchina.
Quali sono le due grandi famiglie in cui si divide il software?,Software di sistema e software applicativo.
Qual è lo scopo principale del software di sistema?,Far funzionare il computer stesso preparando le condizioni per l'uso.
Qual è la funzione del software applicativo?,Permettere all'utente di svolgere attività concrete e specifiche.
In che data l'Apollo 11 è sceso sulla superficie lunare?,Il 20 luglio 1969.
Quale codice di allarme segnalò il computer di bordo dell'Apollo 11 durante la discesa?,Il codice 1202.
Chi guidava il gruppo del MIT che scrisse il software per l'Apollo 11?,Margaret Hamilton.
Come reagì il software dell'Apollo 11 alla condizione di sovraccarico?,Scartò le attività meno prioritarie eseguendo solo quelle indispensabili per l'atterraggio.
Il software è l'insieme delle regole e decisioni che dicono al _____ dove andare.,guidatore
Qual è il software principale che gestisce le risorse hardware e coordina i programmi?,Il sistema operativo.
In quale componente hardware deve essere caricato il sistema operativo per restare attivo?,Nella memoria RAM.
Qual è il nome del sistema operativo più diffuso sui computer Mac?,macOS.
Quali sono i due sistemi operativi più diffusi per smartphone citati nel testo?,Android e iOS.
Cosa accadrebbe a un computer se non avesse un sistema operativo?,Non sarebbe utilizzabile e nessuna periferica verrebbe riconosciuta.
Quale software si occupa di riconoscere automaticamente una chiavetta USB collegata?,Il sistema operativo.
In quali anni si svolse la causa legale tra il Dipartimento di Giustizia USA e Microsoft?,Tra il 1998 e il 2001.
Di cosa era accusata Microsoft nel processo antitrust del 1998?,Di abuso di posizione dominante per aver incluso forzatamente Internet Explorer in Windows.
Qual era il browser rivale di Internet Explorer citato nel caso giudiziario Microsoft?,Netscape Navigator.
Quale quota di mercato deteneva Windows all'epoca del processo antitrust?,Oltre il 95% del mercato dei personal computer.
Termine: Sistema operativo,Definizione: Software che coordina i programmi e permette all'utente di usare il dispositivo.
Metafora: Il sistema operativo è come un _____ d'orchestra.,direttore
Quale tipo di software è Microsoft Word?,Software applicativo.
Per quale attività specifica viene utilizzato Microsoft Excel?,Per effettuare calcoli e gestire fogli di calcolo.
Quale software applicativo viene citato per la navigazione web?,Google Chrome.
Quale software applicativo viene citato per l'ascolto della musica?,Spotify.
In che anno è stato messo in vendita VisiCalc?,Nell'ottobre del 1979.
Chi sono i due creatori di VisiCalc?,Dan Bricklin e Bob Frankston.
Per quale modello di computer fu inizialmente pensato VisiCalc?,Apple II.
Quale fu il primo foglio di calcolo elettronico della storia?,VisiCalc.
Perché VisiCalc è considerato fondamentale per il successo dei personal computer?,Diede a contabili e imprenditori un motivo pratico per acquistare un computer.
Metafora: Il software applicativo è come uno _____ musicale.,strumento
Cos'è una licenza software?,"L'insieme di regole che stabilisce come un programma può essere usato, copiato, modificato o distribuito."
Quale tipo di licenza prevede l'uso limitato e il codice sorgente non accessibile?,Licenza proprietaria.
Cos'è il software open source?,Software con codice sorgente accessibile e modificabile liberamente da chiunque.
Quale licenza indica una versione di prova temporanea di un programma?,Shareware.
Cosa distingue il software freeware dal software open source?,Il freeware è gratuito ma non rende necessariamente pubblico il codice sorgente.
Chi annunciò l'inizio del progetto GNU nel 1983?,Richard Stallman.
Qual è l'obiettivo del progetto GNU?,Costruire un sistema operativo composto solo da software libero.
Quale fondazione fu creata nel 1985 per sostenere il software libero?,La Free Software Foundation.
Metafora: Le licenze software sono come il regolamento di un _____.,condominio
Cosa significa l'acronimo EULA?,End User License Agreement (Accordo di Licenza con l'Utente Finale).
Cos'è l'EULA?,Il contratto che regola il rapporto tra chi crea un software e chi lo usa.
Quali elementi specifica solitamente un EULA?,"Diritti, limiti, responsabilità delle parti e modalità di trattamento dei dati."
Perché le condizioni di una licenza non sono considerate immutabili?,Possono cambiare nel tempo a seconda di chi controlla il software.
Cosa scoprì Mark Russinovich nel 2005 riguardo ad alcuni CD di Sony BMG?,Installavano un software di protezione (XCP) che si nascondeva come un rootkit.
Qual era il nome della tecnologia anticopia usata da Sony BMG nel 2005?,XCP.
Quanti CD musicali furono coinvolti nel caso del rootkit di Sony BMG?,Circa 22 milioni.
In quale anno WhatsApp è stata acquistata da Facebook?,Nel febbraio 2014.
Per quale cifra approssimativa WhatsApp è stata acquistata da Facebook?,Circa 19 miliardi di dollari.
Come è cambiato il modello economico di WhatsApp dopo l'acquisizione di Meta?,È passato da un servizio in abbonamento a pagamento a un modello freeware.
Firmare un EULA senza leggerlo è paragonato alla firma di un contratto di _____.,affitto
Chi detiene il controllo sulle 'regole del gioco' di un software?,Chi controlla il software stesso.
"Nel Modulo 4, a cosa serve Excel per Marco?",Per aggiornare l'elenco dei pezzi di ricambio e gestire le fatture.
Quale agenzia governativa statunitense indagò Sony BMG per il caso XCP?,La Federal Trade Commission.
Qual è la differenza fondamentale tra software di sistema e applicativo?,"Il primo gestisce il computer, il secondo serve direttamente all'utente per compiti specifici."
Quale caratteristica del software Apollo 11 impedì il blocco totale del sistema?,La capacità di riconoscere l'emergenza e dare priorità alle attività indispensabili.
Concept: Software di sistema,Definition: Software che prepara le condizioni operative affinché altri programmi possano funzionare.
Esempio: Una licenza che permette la modifica del codice sorgente è detta _____.,open source
Perché il caso Sony BMG è citato in relazione agli EULA?,Mostra come clausole non chiare possano nascondere software dannosi per la sicurezza.
Quale sistema operativo è associato agli iPhone?,iOS.
Chi è considerato il fondatore del movimento del software libero?,Richard Stallman.
Il software che gestisce l'hardware e coordina i programmi è il _____.,sistema operativo
Quale software permette a Marco di cercare il prezzo di un ricambio online?,Google Chrome (browser).
Quale licenza limita la visualizzazione o modifica del codice che fa funzionare un programma?,Licenza proprietaria.
Che tipo di software è WhatsApp?,Software applicativo.
In quale città si trova il laboratorio dove Margaret Hamilton guidò il gruppo per l'Apollo 11?,Cambridge (MIT Instrumentation Laboratory).
Quale giudice ordinò inizialmente la divisione di Microsoft in due società?,Il giudice incaricato nel 2000 del caso antitrust.
Cosa si intende per 'codice sorgente' nel contesto delle licenze?,Le istruzioni di programmazione originali che compongono il software.
Cosa autorizza l'utente quando clicca 'Accetto' su un EULA?,"I diritti di utilizzo, la raccolta dati e le responsabilità definite dal produttore."
Quale software applicativo permise ai piccoli imprenditori di sostituire i registri cartacei?,VisiCalc.
Quale termine definisce un software che può essere usato gratuitamente ma senza codice pubblico?,Freeware.
Qual è il ruolo del sistema operativo nell'avvio del computer visto nel Modulo 3?,Caricarsi nella RAM e restare sempre attivo durante l'accensione.
Quale tipo di software è necessario per far riconoscere una stampante collegata?,Il sistema operativo.
Cosa significa che un software è shareware?,Che è una versione di prova utilizzabile solo per un periodo limitato prima dell'acquisto.