Come potrebbe un sistema di AI multimodale rispondere a una domanda su una fotografia di un cartello stradale?;Analizzando l'immagine leggendo il testo presente sul cartello e utilizzando quelle informazioni per rispondere alla domanda facendo diventare le diverse modalità pezzi dello stesso ragionamento
Come si può paragonare la multimodalità dell'AI a una persona che entra in una stanza?;Come una persona che guarda ascolta i rumori legge un cartello e parla senza che nessuna di queste informazioni da sola racconti tutta la situazione la multimodalità dà all'AI occhi orecchie e capacità di leggere per mettere insieme gli indizi
In che modo i moderni assistenti AI multimodali hanno cambiato il modo in cui vengono utilizzati secondo il modulo?;Non è più necessario descrivere a parole ciò che si sta osservando perché un utente può mostrare direttamente un'immagine una schermata o un oggetto e chiedere all'AI di analizzarlo
Come potrebbe un agente AI gestire l'obiettivo di organizzare una settimana di studio?;Analizzando il calendario individuando gli impegni già presenti distribuendo le attività di studio e creando automaticamente gli appuntamenti riorganizzando il piano se un impegno cambia
Perché il rischio di un errore commesso da un agente AI è considerato maggiore rispetto a un errore in una semplice risposta testuale secondo il modulo?;Perché un errore in una risposta può essere corretto prima di utilizzarla mentre un errore commesso da un agente può produrre direttamente una conseguenza nel mondo digitale
Come si può paragonare un agente AI a un assistente in un'agenzia di viaggi?;Come un assistente a cui diciamo di organizzare il viaggio rispettando certe condizioni invece di limitarsi a dirci quale volo costa meno un agente cerca confronta e prepara le attività necessarie ma richiede limiti e controllo proprio come non affideremmo carta di credito e passaporto senza stabilire prima cosa può fare
Come utilizzano la robotica intelligente aziende come Amazon nei propri centri di distribuzione secondo il modulo?;Utilizzano flotte di robot per trasportare scaffali e materiali supportando il lavoro umano e occupandosi di compiti ripetitivi pesanti o altamente strutturati
Cosa può fare un sistema di AI per aiutare un robot in un magazzino a spostare i prodotti verso le aree di preparazione degli ordini?;Aiutare il robot a interpretare l'ambiente e a scegliere come muoversi evitando ostacoli mentre l'utente vede soltanto il risultato finale cioè il pacco che arriva a casa
Come si può paragonare un robot intelligente a una persona che entra in una cucina completamente nuova?;Come la persona deve guardarsi intorno capire dove sono gli oggetti decidere cosa fare e muoversi il robot usa i sensori per raccogliere informazioni l'AI per interpretarle e i sistemi di controllo per trasformare le decisioni in movimento
Come potrebbe un assistente AI personale aiutare una persona che deve affrontare un esame il giorno successivo?;Considerando gli impegni già presenti nel calendario il tempo disponibile e le attività da completare per proporre un'organizzazione coerente della giornata
Perché più un assistente AI personale conosce una persona più cresce anche il rischio legato ai suoi dati secondo il modulo?;Perché calendario documenti messaggi preferenze posizione e abitudini possono raccontare moltissimo della vita di una persona e maggiore diventa il valore di quei dati quanto più l'assistente li possiede
In che modo gli assistenti AI stanno modificando il concetto stesso di interfaccia secondo il modulo?;Invece di aprire un'applicazione e imparare come utilizzarla l'utente può iniziare dalla propria intenzione e lasciare che l'assistente traduca quella richiesta in una serie di operazioni
Come si può paragonare un assistente AI personale a un segretario personale secondo il modulo?;Come possiamo affidare a un segretario un compito ampio come controllare l'agenda e preparare ciò che serve un assistente AI personale si avvicina a questa idea ma un segretario umano comprende responsabilità e conseguenze attraverso esperienza mentre l'AI lavora attraverso dati e modelli
Cosa dovrebbe fare una persona che utilizza l'AI per creare la prima struttura di un report settimanale invece di inviarlo direttamente?;Controllare i numeri verificare le informazioni correggere gli errori e decidere quali conclusioni siano realmente corrette mantenendo la responsabilità del risultato
Cosa hanno osservato alcuni studi riguardo alla produttività nel lavoro di assistenza clienti quando si utilizzano strumenti di AI come supporto?;Aumenti di produttività il cui effetto può essere diverso a seconda dell'esperienza e delle competenze della persona che utilizza lo strumento
Come si può paragonare l'impatto dell'AI sul lavoro all'invenzione della calcolatrice secondo il modulo?;Come la calcolatrice ha reso inutile fare manualmente i calcoli ma non ha reso inutile la matematica spostando l'attenzione dal calcolo alla comprensione l'AI può spostare l'attenzione dalle operazioni ripetitive alla valutazione di quale lavoro valga la pena fare
Perché una persona che non conosce un nuovo sistema di AI arrivato sul lavoro potrebbe comunque essere preparata ad affrontarlo secondo l'esempio del modulo?;Perché possiede le competenze necessarie per imparare il programma come sapere come funzionano i sistemi AI formulare richieste verificare le risposte e riconoscere i possibili rischi
Quale conseguenza ha secondo il modulo il fatto che l'evoluzione dell'AI spinga istituzioni aziende e sistemi educativi a ripensare le competenze richieste?;Che la formazione non può più considerarsi conclusa una volta ottenuto un titolo di studio e la capacità di aggiornarsi continuamente diventa parte integrante della vita professionale
Come si può paragonare l'apprendimento delle competenze future al doversi orientare in una città che cambia continuamente?;Come chi conosce solo un singolo percorso rischia di perdersi se le strade cambiano mentre chi sa leggere una mappa e orientarsi può continuare ad arrivare a destinazione le competenze future sono quella mappa che permette di adattarsi ai cambiamenti degli strumenti AI
