Nell'esempio della cartella clinica cosa viola un hacker che legge i dati senza modificarli?;La riservatezza anche se il contenuto non viene alterato
Nell'esempio della cartella clinica cosa succede se un attaccante modifica il gruppo sanguigno del paziente?;Viene violata l'integrità dei dati e la modifica può indurre a una trasfusione sbagliata con conseguenze fatali
Nell'esempio della cartella clinica cosa viene compromesso se un ransomware blocca i computer dell'ospedale?;La disponibilità perché nessuno riesce più ad aprire la cartella anche se non è stata rubata né modificata
Secondo la metafora della casa perché non basta una porta blindata per essere al sicuro?;Perché servono anche finestre sicure chiavi protette un allarme e buone abitudini degli abitanti
Perché un computer con il miglior antivirus del mondo può comunque essere compromesso?;Se l'utente consegna volontariamente la propria password a un truffatore
Cosa avvenne nel 2024 ai siti istituzionali italiani e al sito del Presidente del Consiglio?;Furono resi temporaneamente irraggiungibili da un attacco DDoS
Cosa significa l'acronimo DDoS?;Distributed Denial of Service ossia Negazione del Servizio Distribuita
A cosa viene paragonato un attacco DDoS nella metafora del centralino?;A 500.000 persone che telefonano contemporaneamente allo stesso centralino intasando il sistema
Qual è il vero scopo di un virus secondo il testo oltre all'infezione?;Guadagno controllo del sistema oppure raccolta e sorveglianza
In un esempio di worm aziendale cosa succede dopo l'infezione del primo computer?;Il malware sfrutta una vulnerabilità della rete e raggiunge automaticamente altri computer creando un effetto a catena
Nell'esempio del programma gratuito scaricato da un sito non ufficiale cosa fa realmente il Trojan?;In background installa altro malware oppure apre una porta per l'accesso remoto al computer
Nell'esempio dello spyware installato tramite un'applicazione gratuita cosa viene raccolto?;I siti visitati le ricerche effettuate e le pubblicità su cui si clicca
Nell'esempio del keylogger su un computer condiviso cosa accade dopo l'accesso a Gmail?;Le credenziali digitate vengono registrate dal keylogger nascosto senza che l'utente se ne accorga
Nell'esempio del ransomware cosa compare sul monitor dopo che i file vengono cifrati?;Un messaggio che chiede un pagamento per riavere accesso ai file
Nell'esempio del phishing legato a un volo aereo qual è il vero scopo dell'email ricevuta?;Convincere la vittima a cliccare sul collegamento e non semplicemente informarla
Nell'esempio del vishing in aeroporto perché la vittima comunica un codice autentico a un criminale?;Perché crede di parlare con l'assistenza della compagnia aerea che le chiede di leggere il codice ricevuto via SMS
Nell'esempio dello smishing legato a una consegna cosa rischia chi clicca sul link ricevuto via SMS?;Di fornire credenziali dati di pagamento o di avviare il download di un'applicazione dannosa
Nell'esempio del quishing con la falsa multa cosa rende l'attacco particolarmente insidioso?;L'uso dello smartphone personale fuori dai controlli di sicurezza aziendali
Cosa rende lo Spear Phishing più difficile da riconoscere rispetto al phishing tradizionale?;Il fatto che venga costruito utilizzando informazioni reali sulla vittima raccolte in precedenza
Nell'esempio dell'azienda di componenti meccanici come raccoglie informazioni il criminale prima di agire?;Attraverso un Trojan che resta silenzioso nel computer del direttore acquisti leggendo email e documenti
Nell'esempio dello Spear Phishing aziendale cosa induce il cliente a effettuare un bonifico sbagliato?;Un'email che sembra provenire dal direttore acquisti e comunica un cambio di IBAN
Quali fasi caratterizzano il meccanismo psicologico delle truffe online secondo il testo?;Prima si conquista la fiducia poi si genera urgenza e infine si riduce il tempo disponibile per riflettere
Quale difesa viene indicata come più efficace contro le truffe online?;Fermarsi verificare e ragionare prima di agire
Nell'esempio del furto di identità digitale cosa fa il criminale dopo aver ottenuto la password email della vittima?;Accede anche ai social network e comincia a fingersi la vittima scrivendo ai suoi contatti
Nell'esempio dell'Account Takeover cosa nota la vittima quando prova ad accedere alla propria email?;Che la password non funziona più e che anche l'indirizzo di recupero è stato modificato dal criminale
In un esempio di profilo social molto seguito compromesso quali meccanismi di Social Engineering sfrutta il falso post pubblicato?;Autorità fiducia curiosità e urgenza
Cosa dimostra l'esempio del profilo social compromesso riguardo al valore di un account?;Che il vero obiettivo di chi lo controlla non è l'account in sé ma la fiducia delle persone che lo seguono
Cosa accadde al servizio PlayStation Network nel 2011?;Un attacco informatico compromise circa 77 milioni di account sottraendo email credenziali e dati personali degli utenti
Nel caso PlayStation Network gli utenti colpiti avevano necessariamente commesso un errore?;No molti avevano scelto password robuste e l'attacco colpì l'azienda che custodiva i dati e non direttamente gli utenti
Cosa insegna il caso PlayStation Network sulla responsabilità della sicurezza dei dati?;Che la sicurezza dipende sia dai comportamenti degli utenti sia dalla capacità delle organizzazioni di proteggere i dati
Nello scenario in cui l'utente non riconosce un'email di phishing e clicca sul link cosa succede?;Le credenziali vengono rubate e l'account viene compromesso
Nello scenario in cui l'utente riconosce un dominio sospetto e non clicca cosa succede al rischio?;Il rischio si annulla anche se la minaccia rimane presente
Nella metafora dell'automobile lasciata aperta con le chiavi nel cruscotto cosa rappresenta la vulnerabilità?;Il fatto che l'auto sia stata lasciata aperta con le chiavi accessibili
Nella metafora del castello applicata alla superficie d'attacco cosa aumenta con la crescita del castello?;Il numero di porte finestre ingressi secondari e punti di accesso da controllare
Nell'esempio della lampadina intelligente in un magazzino aziendale come riesce il criminale a entrare nella rete?;Sfruttando la password predefinita mai modificata del dispositivo collegato al Wi-Fi
Cosa fa il criminale una volta entrato nella rete tramite la lampadina intelligente?;Esplora altri sistemi trova un computer con password debole e risale fino al server con i dati dei clienti
Cosa accadde nell'attacco alla catena americana Target nel 2013?;I criminali compromisero l'account di un fornitore esterno per la climatizzazione e si spostarono nella rete fino ai sistemi di pagamento
Quali furono le conseguenze dell'attacco a Target nel 2013?;Il furto dei dati di circa 40 milioni di carte di pagamento e delle informazioni personali di circa 70 milioni di clienti
Cosa dimostra il caso Target riguardo al punto di ingresso di un attacco?;Che il punto di ingresso di un attacco raramente coincide con il vero obiettivo del criminale
Nella metafora del castello con la porta di servizio cosa rappresenta l'ingresso trovato dall'intruso?;Solo il punto di partenza e non l'obiettivo finale che è la sala del tesoro
Nella metafora dell'edificio protetto con guardie e telecamere chi riesce a entrare senza forzare nulla?;Un finto tecnico autorizzato a cui viene aperta la porta senza verificarne l'identità
Perché il Social Engineering si concentra sulle persone piuttosto che sui computer?;Perché il computer esegue istruzioni mentre la persona prende decisioni ed è su queste che agisce la manipolazione
Perché la cybersecurity punta a ridurre le vulnerabilità piuttosto che eliminare tutte le minacce?;Perché eliminare ogni minaccia è impossibile mentre ridurre le vulnerabilità diminuisce le probabilità che si trasformino in un danno
Secondo la metafora della casa applicata alla manutenzione della sicurezza cosa bisogna fare oltre a installare una porta blindata?;Controllare le serrature sostituire le chiavi smarrite e verificare che porte e finestre siano sempre chiuse
