Che cosa significa integrare il digitale nella lezione?;Usare la tecnologia per rendere la lezione più interattiva / tracciabile e accessibile anche a chi non è in aula e non come semplice proiezione di ciò che si scriveva su carta
Qual è la differenza tra proiettare e integrare?;Proiettare una slide è come appendere un cartellone: gli studenti guardano ma non toccano
Che cosa permette una lavagna interattiva usata davvero?;Agli studenti di scrivere / spostare ed evidenziare e di salvare quanto accade per rivederlo in seguito
Chi trae vantaggio dal salvataggio dei contenuti della lavagna interattiva?;Anche chi era assente quel giorno
Che cosa sono le classi virtuali?;Uno spazio a disposizione tutto l'anno e non un ripiego per l'emergenza
A chi servono le classi virtuali?;A chi non può essere fisicamente presente in un momento preciso e vuole non perdere il filo del lavoro della classe
Che cosa significa guidare e supportare gli studenti a distanza?;Restare disponibili per chi ha bisogno di aiuto anche fuori dall'orario e dallo spazio della lezione senza limitarsi a dare risposte già pronte
Qual è il supporto a distanza più efficace?;Quello che guida lo studente a risolvere il dubbio da solo con qualche domanda in più prima della risposta
In quali modi si può dare supporto a distanza?;Un messaggio / una breve videochiamata o materiale di recupero già pronto
Quali strumenti si sono aggiunti negli ultimi anni per il supporto a distanza?;Strumenti di tutoraggio basati sull'intelligenza artificiale che guidano lo studente con domande
Che cos'è l'apprendimento collaborativo?;Il lavoro che più studenti svolgono insieme su un compito comune in cui il contributo di ciascuno è visibile e verificabile
Quale rischio si teme nei lavori di gruppo?;Che uno solo faccia tutto il lavoro mentre gli altri mettono solo il nome
Come si rende verificabile il contributo di ciascuno studente?;Con strumenti digitali in cui ogni contributo lascia una traccia
Che cosa mostra un documento condiviso?;Chi ha scritto cosa e quando
Che cosa permette di vedere la cronologia delle modifiche?;L'evoluzione del lavoro passo per passo e non solo il risultato finale
Che effetto ha scrivere per un pubblico reale?;Cambia in modo sensibile l'impegno che gli studenti mettono nel lavoro
Che cos'è l'apprendimento autoregolato?;La capacità dello studente di monitorare da solo il proprio livello di comprensione e decidere cosa ripassare senza aspettare il giudizio finale
Che cambiamento porta un quiz autovalutativo senza voto?;L'errore non è più da nascondere ma diventa un'informazione utile per correggere la rotta
Quando va proposto un quiz autovalutativo?;Prima della verifica vera e senza voto
Che cos'è un portfolio digitale?;Uno spazio in cui lo studente raccoglie nel tempo i propri lavori e può rivedere quanto è migliorato
Che vantaggio ha un portfolio digitale rispetto a una singola verifica?;Offre una prospettiva di miglioramento nel tempo che una verifica isolata non può dare
